Workbook

Sheet Risk Register
A1: Cybersecurity Risk Register
A2: Organization | B2: HealthData Cloud | D2: Methodology | E2: NIST-aligned qualitative scoring | H2: Scale | I2: 1-5
A4: Risk ID | B4: Domain | C4: Risk Statement | D4: Asset / Process | E4: Likelihood | F4: Impact | G4: Inherent Score | H4: Current Control Strength | I4: Residual Score | J4: Owner | K4: Treatment Plan
A5: R-01 | B5: Identity | C5: Phishing attack leads to compromise of a workforce identity account | D5: Cloud Identity Platform | E5: 5 | F5: 4 | G5: =E5*F5 -> 20 | H5: Weak | I5: =ROUND(G5*IF(H5="Weak",0.75,IF(H5="Moderate",0.55,0.35)),0) -> 15 | J5: IT Security Lead | K5: Enforce MFA, improve email security, and run phishing simulations
A6: R-02 | B6: Data Protection | C6: Unauthorized privileged access exposes customer data | D6: Customer Database | E6: 4 | F6: 5 | G6: =E6*F6 -> 20 | H6: Moderate | I6: =ROUND(G6*IF(H6="Weak",0.75,IF(H6="Moderate",0.55,0.35)),0) -> 11 | J6: Head of Engineering | K6: Quarterly access review, privileged monitoring, least-privilege remediation
A7: R-03 | B7: Resilience | C7: Ransomware disrupts endpoint fleet and shared services | D7: Employee Endpoints | E7: 4 | F7: 4 | G7: =E7*F7 -> 16 | H7: Moderate | I7: =ROUND(G7*IF(H7="Weak",0.75,IF(H7="Moderate",0.55,0.35)),0) -> 9 | J7: IT Operations Manager | K7: Expand EDR coverage, isolate admin rights, and test backup restoration
A8: R-04 | B8: Monitoring | C8: Security logs do not provide timely detection of high-risk activity | D8: Security Monitoring | E8: 3 | F8: 4 | G8: =E8*F8 -> 12 | H8: Weak | I8: =ROUND(G8*IF(H8="Weak",0.75,IF(H8="Moderate",0.55,0.35)),0) -> 9 | J8: Security Operations Lead | K8: Centralize logs, define alert use cases, and review coverage monthly
A9: R-05 | B9: Third-Party | C9: Critical vendor outage disrupts customer-facing service | D9: Cloud Hosting Provider | E9: 3 | F9: 4 | G9: =E9*F9 -> 12 | H9: Weak | I9: =ROUND(G9*IF(H9="Weak",0.75,IF(H9="Moderate",0.55,0.35)),0) -> 9 | J9: Vendor Manager | K9: Add resilience clauses, assess failover capabilities, and review continuity annually
A10: R-06 | B10: Compliance | C10: Sensitive data retained beyond justified business need | D10: Data Lifecycle Management | E10: 3 | F10: 3 | G10: =E10*F10 -> 9 | H10: Moderate | I10: =ROUND(G10*IF(H10="Weak",0.75,IF(H10="Moderate",0.55,0.35)),0) -> 5 | J10: Privacy Manager | K10: Define retention schedule and automate deletion controls
A13: Scoring Guidance | H13: Risk Summary
A14: Measure | B14: 1 | C14: 2 | D14: 3 | E14: 4 | F14: 5 | H14: Metric | I14: Value
A15: Likelihood | B15: Rare | C15: Unlikely | D15: Possible | E15: Likely | F15: Almost Certain | H15: Average Inherent Score | I15: =AVERAGE(G5:G10) -> 14.833333
A16: Impact | B16: Negligible | C16: Minor | D16: Moderate | E16: Major | F16: Severe | H16: Average Residual Score | I16: =AVERAGE(I5:I10) -> 9.6666667
H17: Critical / High (Inherent >= 16) | I17: =COUNTIF(G5:G10,">=16") -> 3
H18: High Residual (>= 12) | I18: =COUNTIF(I5:I10,">=12") -> 1

Sheet Heat Map
A1: Risk Heat Map Reference
A3: Likelihood \ Impact | B3: 1 | C3: 2 | D3: 3 | E3: 4 | F3: 5
A4: 1 | B4: 1 | C4: 2 | D4: 3 | E4: 4 | F4: 5
A5: 2 | B5: 2 | C5: 4 | D5: 6 | E5: 8 | F5: 10
A6: 3 | B6: 3 | C6: 6 | D6: 9 | E6: 12 | F6: 15
A7: 4 | B7: 4 | C7: 8 | D7: 12 | E7: 16 | F7: 20
A8: 5 | B8: 5 | C8: 10 | D8: 15 | E8: 20 | F8: 25
A10: Interpretation | B10: Low | C10: Medium | D10: High | E10: Critical

Sheet Dashboard
A1: Risk Dashboard
A3: Metric | B3: Value | D3: Domain | E3: Residual Score
A4: Total Risks | B4: =COUNTA('Risk Register'!A5:A10) -> 6 | D4: Identity | E4: =SUMIF('Risk Register'!B5:B10,D4,'Risk Register'!I5:I10) -> 15
A5: Average Inherent Score | B5: =AVERAGE('Risk Register'!G5:G10) -> 14.833333 | D5: Data Protection | E5: =SUMIF('Risk Register'!B5:B10,D5,'Risk Register'!I5:I10) -> 11
A6: Average Residual Score | B6: =AVERAGE('Risk Register'!I5:I10) -> 9.6666667 | D6: Resilience | E6: =SUMIF('Risk Register'!B5:B10,D6,'Risk Register'!I5:I10) -> 9
A7: Critical Risks | B7: =COUNTIF('Risk Register'!G5:G10,">=16") -> 3 | D7: Monitoring | E7: =SUMIF('Risk Register'!B5:B10,D7,'Risk Register'!I5:I10) -> 9
A8: High Residual Risks | B8: =COUNTIF('Risk Register'!I5:I10,">=12") -> 1 | D8: Third-Party | E8: =SUMIF('Risk Register'!B5:B10,D8,'Risk Register'!I5:I10) -> 9
D9: Compliance | E9: =SUMIF('Risk Register'!B5:B10,D9,'Risk Register'!I5:I10) -> 5
