Workbook

Sheet Assessment
A1: NIST CSF Gap Analysis
A3: Function | B3: Category / Focus Area | C3: Current Maturity (1-5) | D3: Target Maturity (1-5) | E3: Gap | F3: Priority | G3: Recommendation | H3: Owner
A4: Identify | B4: Asset inventory | C4: 2 | D4: 4 | E4: =D4-C4 -> 2 | F4: High | G4: Implement automated hardware and software inventory for critical environments | H4: IT Asset Manager
A5: Protect | B5: MFA coverage | C5: 2 | D5: 5 | E5: =D5-C5 -> 3 | F5: Critical | G5: Enforce MFA across workforce, administrators, and remote access | H5: IT Security Lead
A6: Protect | B6: Vulnerability management | C6: 3 | D6: 4 | E6: =D6-C6 -> 1 | F6: High | G6: Define remediation SLAs and monthly reporting by severity | H6: Infrastructure Lead
A7: Detect | B7: Centralized logging | C7: 2 | D7: 4 | E7: =D7-C7 -> 2 | F7: Critical | G7: Aggregate cloud, endpoint, and application logs into a central platform | H7: Security Operations Lead
A8: Respond | B8: Tabletop exercises | C8: 3 | D8: 4 | E8: =D8-C8 -> 1 | F8: Medium | G8: Conduct semiannual incident response exercises with leadership participation | H8: CISO
A9: Recover | B9: Backup restoration testing | C9: 2 | D9: 4 | E9: =D9-C9 -> 2 | F9: High | G9: Test and document restoration of at least one critical workload quarterly | H9: Business Continuity Lead

Sheet Dashboard
A1: CSF Dashboard
A3: Function | B3: Average Current | C3: Average Target | D3: Average Gap
A4: Identify | B4: =AVERAGEIF(Assessment!A4:A9,A4,Assessment!C4:C9) -> 2 | C4: =AVERAGEIF(Assessment!A4:A9,A4,Assessment!D4:D9) -> 4 | D4: =AVERAGEIF(Assessment!A4:A9,A4,Assessment!E4:E9) -> 2
A5: Protect | B5: =AVERAGEIF(Assessment!A4:A9,A5,Assessment!C4:C9) -> 2.5 | C5: =AVERAGEIF(Assessment!A4:A9,A5,Assessment!D4:D9) -> 4.5 | D5: =AVERAGEIF(Assessment!A4:A9,A5,Assessment!E4:E9) -> 2
A6: Detect | B6: =AVERAGEIF(Assessment!A4:A9,A6,Assessment!C4:C9) -> 2 | C6: =AVERAGEIF(Assessment!A4:A9,A6,Assessment!D4:D9) -> 4 | D6: =AVERAGEIF(Assessment!A4:A9,A6,Assessment!E4:E9) -> 2
A7: Respond | B7: =AVERAGEIF(Assessment!A4:A9,A7,Assessment!C4:C9) -> 3 | C7: =AVERAGEIF(Assessment!A4:A9,A7,Assessment!D4:D9) -> 4 | D7: =AVERAGEIF(Assessment!A4:A9,A7,Assessment!E4:E9) -> 1
A8: Recover | B8: =AVERAGEIF(Assessment!A4:A9,A8,Assessment!C4:C9) -> 2 | C8: =AVERAGEIF(Assessment!A4:A9,A8,Assessment!D4:D9) -> 4 | D8: =AVERAGEIF(Assessment!A4:A9,A8,Assessment!E4:E9) -> 2
